customer,region,tier,payment_terms_days
Acme Sdn Bhd,Central,Gold,30
Global Tech,North,Silver,45
Beta Trading,South,Bronze,60
Delta Corp,East,Gold,30
Evergreen Ltd,West,Silver,45
Horizon Systems,Central,Bronze,60
Nexus Solutions,North,Gold,30
Orion Ventures,South,Silver,45
Pioneer Resources,East,Bronze,60
Quantum Dynamics,West,Gold,30
Riverstone Sdn Bhd,Central,Silver,45
Summit Global,North,Bronze,60
Terra Energy,South,Gold,30
Unity Networks,East,Silver,45
Vertex Industries,West,Bronze,60
Wira Logistics,Central,Gold,30
Kinabalu Traders,North,Silver,45
Melaka Marine,South,Bronze,60
Selangor Steel,East,Gold,30
